{
    "name": "<%= _.slugify(projectName) %>",
    "version": "0.0.0",
    "dependencies": {},
    "devDependencies": {
        "del": "~0.1.3",
        "gulp": "~3.8.8",
        "gulp-autoprefixer": "~1.0.1",
        "gulp-bower": "0.0.6",
        "gulp-cache": "~0.2.4", <% if (includeCoffeeScript) { %>
        "coffeeify": "latest", <% } %>
        "gulp-imagemin": "latest", <% if (includeJade) { %>
        "gulp-jade": "~0.8.0", <% } %> <% if (includeJest) { %>
        "gulp-jest": "~0.2.2", <% } %>
        "gulp-jshint": "~1.8.5",
        "gulp-load-plugins": "~0.7.0", <% if (includeStylus) { %>
        "gulp-stylus": "~2.0.1", <% } %>
        "gulp-ruby-sass": "~1.0.5",
        "browser-sync": "latest",
        "gulp-size": "~1.1.0",
        "gulp-useref": "~0.4.4",
        "gulp-util": "~3.0.1",
        "gulp-webserver": "latest", <% if (includeJest) { %>
        "jest-cli": "latest", <% } %>
        "react": "latest",
        "react-tools": "latest",
        "reactify": "latest",
        "watchify": "~2.1",
        "browserify-shim": "^3.8.0",
        "gulp-uglify": "^1.0.2",
        "strip-debug": "^1.0.1",
        "gulp-strip-debug": "^1.0.2",
        "vinyl-source-stream": "^1.0.0",
        "main-bower-files": "~2.6.2"
    },
    "engines": {
        "node": ">=0.10.0"
    },
    "scripts": {
        "test": "jest"
    },
    "jest": {
        "scriptPreprocessor": "<rootDir>/preprocessor.js",
        "unmockedModulePathPatterns": [
            "<rootDir>/node_modules/react"
        ]
    },
    "browserify": {
        "transform": [
            "browserify-shim", <% if (includeCoffeeScript) { %>
            "coffeeify", <% } %>
            [
                "babelify", {
                    "ignore": [
                        "bower_components"
                    ]
                }
            ]
        ]
    },
    "browser": {
        "jquery": "./app/bower_components/jquery/dist/jquery.js"
    },
    "browserify-shim": {
        "jquery": "$"
    }
}
